id,Tg,FFV,Tc,Density,Rg
1109053969,167.69753,0.37804982,0.1905792,1.1404396,21.4049
1422188626,150.80347,0.37691984,0.24360459,1.1106408,21.243351
2032016830,138.95563,0.3508626,0.26411954,1.088024,21.005678
