{"learning_rate": 0.022645176708244577, "max_depth": 5, "subsample": 0.6552312412347548, "colsample_bytree": 0.6272237715485045, "gamma": 6.578476047085785e-06, "reg_alpha": 0.062360778232126234, "reg_lambda": 7.818246489303541e-05, "min_child_weight": 1, "n_estimators": 7531}